11,Привет,02801683-9df4-4164-8c4a-314cfef768ac,user,2025-03-29 17:20:10.788052,a1e9c3c4-5f2d-4c67-9a5e-0f47a9f1a001,10
12,Привет! Как я могу помочь тебе сегодня?,4ce1b14e-7794-4ca9-b161-63ac60c3542a,assistant,2025-03-29 17:20:13.942365,a1e9c3c4-5f2d-4c67-9a5e-0f47a9f1a001,10
13,мне нужна психологическая помощь,83551127-dd41-4c28-a0a9-2f109054383c,user,2025-03-29 18:12:36.983333,a1e9c3c4-5f2d-4c67-9a5e-0f47a9f1a001,10
14,"Я здесь, чтобы помочь вам. Пожалуйста, расскажите, что именно вас беспокоит. Чем подробнее вы сможете описать свою ситуацию, тем лучше я смогу понять, что вы чувствуете и как вас поддержать.",428fa3fd-bfaa-4198-8776-df6995f17fad,assistant,2025-03-29 18:12:41.304049,a1e9c3c4-5f2d-4c67-9a5e-0f47a9f1a001,10
15,я чувствую тревожность каждый раз когда нахожусь на людях,f2b28835-e231-4bb0-994f-bd6a9ef2c950,user,2025-03-29 18:13:13.739279,a1e9c3c4-5f2d-4c67-9a5e-0f47a9f1a001,10
16,"Тревожность в социальных ситуациях — это довольно распространенная проблема, и многие люди испытывают подобные чувства. Это может быть связано с различными факторами, такими как страх оценки, переживания по поводу взаимодействия с другими или просто чувство неуверенности.

Вот несколько шагов, которые могут помочь справиться с тревожностью:

1. **Определите триггеры**. Обратите внимание на конкретные ситуации, которые вызывают у вас тревожность. Понимание, что именно вызывает ваши чувства, может помочь вам найти способы справиться с ними.

2. **Практикуйте дыхательные упражнения**. Глубокое дыхание может помочь успокоиться в моменты сильной тревожности. Попробуйте дышать медленно и глубоко, сосредотачиваясь на своем дыхании.

3. **Постепенное Exposure**. Постепенно увеличивайте время, проводимое в социальных ситуациях, начиная с менее напряженных. Это может помочь вам адаптироваться и научиться чувствовать себя более уверенно.

4. **Мысленный позитив**. Попробуйте заменить негативные мысли позитивными или нейтральными. Замените «Я сделаю что-то глупое» на «Я могу справиться с этой ситуацией».

5. **Обратитесь за поддержкой**. Общение с друзьями, родственниками или специалистом (например, психологом) может помочь вам разобраться в ваших чувствах и получить поддержку.

Если ваша тревожность серьезно влияет на вашу жизнь, возможно, стоит рассмотреть возможность обращения к специалисту для более глубокого анализа и помощи.",7b2fa568-5028-41af-a4a1-55bdb1d6b2c5,assistant,2025-03-29 18:13:20.574911,a1e9c3c4-5f2d-4c67-9a5e-0f47a9f1a001,10
17,как быть позитивным,c610ab76-71bc-42d7-a72c-c5415eceeb56,user,2025-03-29 18:20:36.050281,a1e9c3c4-5f2d-4c67-9a5e-0f47a9f1a001,10
18,"Быть позитивным — это навык, который можно развивать. Вот несколько советов, которые могут помочь:

1. **Практикуйте благодарность**. Каждый день находите время, чтобы записать три вещи, за которые вы благодарны. Это поможет вам сосредоточиться на положительных аспектах жизни.

2. **Окружите себя позитивными людьми**. Общение с людьми, которые заряжают энергией и поддерживают, может значительно улучшить ваше настроение.

3. **Заботьтесь о своем теле**. Регулярные физические нагрузки, здоровое питание и достаточный сон способствуют улучшению настроения и общего состояния.

4. **Измените негативные мысли**. Постарайтесь замечать негативные мысли и заменять их на более позитивные. Например, если вы думаете: «Я всегда ошибаюсь», замените это на «Я учусь на своих ошибках».

5. **Практикуйте медитацию и mindfulness**. Эти практики могут помочь вам оставаться в настоящем моменте и снизить уровень стресса.

6. **Устанавливайте цели**. Определите краткосрочные и долгосрочные цели, которые будут вдохновлять вас. Достижение целей может приносить радость и удовлетворение.

7. **Участвуйте в новых активностях**. Это может быть хобби, волонтерская работа или изучение чего-то нового. Новые впечатления могут поднимать настроение и давать позитивные эмоции.

8. **Смейтесь и находите радость в мелочах**. Смотрите комедии, читайте юмористические книги или просто общайтесь с людьми, которые вас развлекают.

Помните, что развитие позитивного мышления требует времени и практики. Будьте терпеливы к себе и постепенно внедряйте эти привычки в свою жизнь.",faf3ad22-72c2-4aa2-80f1-cd42d517a1cc,assistant,2025-03-29 18:20:43.331891,a1e9c3c4-5f2d-4c67-9a5e-0f47a9f1a001,10
19,у меня инсомния,e9f04403-36f3-43f0-95e6-624bea40ffcc,user,2025-03-29 18:36:50.629205,c2a5eb10-7d64-4b3f-923f-e650d94c22a0,10
20,"Инсомния — это достаточно распространённая проблема, и справиться с ней можно различными способами. Прежде всего, важно определить, что именно вызывает бессонницу: стресс, тревога, физические или психологические факторы.

Вот несколько рекомендаций, которые могут помочь:

1. **Создайте режим сна**: старайтесь ложиться и вставать в одно и то же время, даже в выходные. Это поможет регулировать ваш внутренний биологический часы.

2. **Создайте комфортную обстановку для сна**: убедитесь, что в вашей спальне темно, тихо и прохладно. Комфортный матрас и подушки также имеют большое значение.

3. **Ограничьте использование экранов перед сном**: синее свечение от экранов может мешать выработке мелатонина, гормона сна.

4. **Расслабляющие ритуалы**: практика медитации, дыхательные упражнения или чтение книги перед сном могут помочь расслабиться.

5. **Физическая активность**: регулярные физические упражнения способствуют улучшению качества сна. Однако старайтесь не заниматься спортом непосредственно перед сном.

6. **Ограничьте потребление кофеина и алкоголя**: эти вещества могут влиять на качество сна, поэтому старайтесь избегать их перед сном.

Если проблемы со сном продолжаются, и они серьёзно влияют на вашу жизнь, вам стоит обратиться к специалисту. Психолог может помочь выявить причины инсомнии и предложить стратегии для её преодоления.",af320f7e-545e-423d-86d9-8bd4bac8382b,assistant,2025-03-29 18:36:57.892203,c2a5eb10-7d64-4b3f-923f-e650d94c22a0,10
21,привет,fe8231b0-ab46-4db3-ac21-4d119df22ce4,user,2025-03-29 21:51:55.714990,a1e9c3c4-5f2d-4c67-9a5e-0f47a9f1a001,11
22,Привет! Как я могу помочь тебе сегодня?,9a41c39f-2585-4b5a-9479-02f04c6d45e9,assistant,2025-03-29 21:51:57.642971,a1e9c3c4-5f2d-4c67-9a5e-0f47a9f1a001,11
23,тест на депрессию,02c267bd-ada8-40c6-a25d-c2b4a87770c6,user,2025-03-29 21:52:37.041158,a1e9c3c4-5f2d-4c67-9a5e-0f47a9f1a001,11
24,"Если вы подозреваете, что у вас могут быть симптомы депрессии, важно обратиться к специалисту, так как только квалифицированный психолог или психиатр может провести точную оценку и поставить диагноз. Тем не менее, я могу предложить вам несколько вопросов, на которые вы можете подумать, чтобы оценить свое состояние. Однако помните, что этот тест не является заменой профессиональной диагностики.

1. В течение последних двух недель:
   - Вы ощущали подавленное настроение большую часть дня?
   - У вас пропало удовольствие от занятий, которые раньше приносили радость?
   - Вы испытывали трудности со сном (бессонница или чрезмерная сонливость)?
   - У вас наблюдается изменение в аппетите (потеря или увеличение веса)?
   - Вы чувствовали усталость или недостаток энергии?
   - У вас возникали чувства безнадежности или бесполезности?
   - Вы испытывали трудности с концентрацией внимания?
   - У вас были мысли о самоповреждении или смерти?

Если вы ответили ""да"" на несколько из этих вопросов, это может быть признаком депрессивного состояния. Важно не игнорировать свои чувства и обратиться за помощью к специалисту. Если у вас возникли негативные мысли, ищите поддержки у близких или профессионалов.",df9b0515-b4cf-460c-8334-8fb6c6acdd0c,assistant,2025-03-29 21:52:41.586801,a1e9c3c4-5f2d-4c67-9a5e-0f47a9f1a001,11
25,казакша,88307dc0-5a9a-48ff-bfe1-829b1d8f851b,user,2025-03-29 21:53:23.166349,a1e9c3c4-5f2d-4c67-9a5e-0f47a9f1a001,11
26,Сәлем! Сізге қалай көмектесе аламын?,e2d799f6-9d7e-4769-9a23-1206c267e93c,assistant,2025-03-29 21:53:25.104505,a1e9c3c4-5f2d-4c67-9a5e-0f47a9f1a001,11
27,депрессия тестын жаса,4530575a-8746-4fc9-b801-38b4185b5faa,user,2025-03-29 21:53:37.737634,a1e9c3c4-5f2d-4c67-9a5e-0f47a9f1a001,11
28,"Мен психологиялық тест немесе диагностика жүргізу қабілетіне ие емеспін, бірақ кейбір белгілер мен сұрақтарды ұсына аламын, олар сіздің көңіл-күйіңізді бағалауға көмектесуі мүмкін. Егер сізде депрессия белгілері болмаса, өзіңізді қолдау үшін профессионалдан көмек сұрау маңызды.

Мынадай сұрақтарға жауап беріп көріңіз:

1. Соңғы уақытта көңіл-күйіңіз қалай? Әдеттегідей қуанышты сезінбейсіз бе?
2. Жаңа істер жасауға қызығып отырсыз ба, әлде бұрынғы хоббиіңізге де қызықпайсыз ба?
3. Түнде қаншалықты жақсы ұйықтайсыз? Ұйқы мәселелері бар ма?
4. Күні бойы шаршаған сияқты сезінесіз бе?
5. Адамдармен қарым-қатынас жасағыңыз келе ме, әлде оны болдырмауға тырысасыз ба?
6. Тағамға деген қызығушылығыңыз өзгерді ме? Көп жейсіз бе, әлде апетитіңіз жоғалды ма?
7. Болашаққа қатысты көңіл-күйіңіз қалай? Пессимистік көзқарас белең алды ма?

Егер сіз көптеген сұрақтар бойынша «иә» деп жауап берсеңіз, бұл сіздің елеулі мәселелеріңіз болуы мүмкін. Психолог немесе психотерапевтпен сөйлесу ұсынылады. Олар сіздің жағдайыңызды тереңірек зерттеп, дұрыс қолдау көрсете алады.",267767b4-83af-4e39-a494-37beff39d70f,assistant,2025-03-29 21:53:44.250600,a1e9c3c4-5f2d-4c67-9a5e-0f47a9f1a001,11
41,Бакытты болудын 10 жолы,48918700-50bd-46c9-8d2d-15832b18fd16,user,2025-05-08 21:25:39.882888,c2a5eb10-7d64-4b3f-923f-e650d94c22a0,11
42,"Бақытты болудың 10 жолы:

1. **Өзіңізді қабылдаңыз**: Өз күшті және әлсіз жақтарыңызбен келісіңіз. Өзін-өзі қабылдау бақыттың негізі.

2. **Позитивті ойлау**: Жақсы жақтарды көруге тырысыңыз және теріс ойларды болдырмауға зерттеңіз.

3. **Қарым-қатынастар**: Сүйгендеріңізбен жақсы қарым-қатынастар орнатыңыз. Достық пен махаббат өмірдің маңызды бөліктері.

4. **Мақсат қою**: Өмірде нақты мақсаттар қоя отырып, оларға жету жолында жұмыс жасаңыз. Бұл мотивация мен өзін-өзі дамытуға көмектеседі.

5. **Денсаулық**: Дұрыс тамақтану, тұрақты физикалық белсенділік және жеткілікті ұйқы – бақытты өмірдің маңызды аспектілері.

6. **Қиындықтарды жеңу**: Психологиялық кедергілермен жұмыс істеңіз. Стресс пен алаңдаушылықпен күресу үшін релаксация әдістерін қолданыңыз.

7. **Жаңа тәжірибе**: Жаңа нәрселерді үйреніп, жаңа тәжірибелерге ашық болыңыз. Бұл өмірдің қызықтылығын арттырады.

8. **Көмек көрсету**: Басқаларға көмектесіңіз. Игілгілік көрсету арқылы өзіңіз үшін де позитивті эмоциялар аласыз.

9. **Уақытты басқару**: Уақытты тиімді пайдаланып, Priority-лерді анықтаңыз. Маңызды нәрселерге назар аударыңыз.

10. **Ризашылық таныту**: Күннің жақсы сәттеріне алғыс айта отырып, өмірдің әр сәтінен ләззат алыңыз. Ризашылық бақыт сезімін арттырады.

Бұл жолдар сіздің бақытты өмір сүруге және ішкі тыныштықты сезінуге көмектеседі.",eff21d82-b710-48cc-a20e-83357f57b32e,assistant,2025-05-08 21:25:49.097137,c2a5eb10-7d64-4b3f-923f-e650d94c22a0,11
